Timestamp,Purpose of the Study,What is your job title? ,How many years have you been working in the manufacturing sector? ,What type of manufacturing does your company primarily engage in? ,How many employees does your company have?,How often does your company use project management techniques?,Which project management methodologies are primarily used in your company? (Check all that apply),Rate the effectiveness of project management techniques in improving production processes in your company.,To what extent have your company's project management techniques reduced production cycle times?,What was the average production cycle time before the implementation of project management techniques? (in days),What is the current average production cycle time after the implementation of project management techniques? (in days),Rate the following project management practices based on their impact on reducing production cycle times in your company.  [Project scheduling and planning: 1 2 3 4 5],Rate the following project management practices based on their impact on reducing production cycle times in your company.  [Risk management],Rate the following project management practices based on their impact on reducing production cycle times in your company.  [Resource allocation],Rate the following project management practices based on their impact on reducing production cycle times in your company.  [Quality management],Rate the following project management practices based on their impact on reducing production cycle times in your company.  [Communication management],"How often are project management tools (e.g., Gantt charts, PERT charts) used in managing production processes?",What are the main barriers to implementing project management techniques in your company? (Check all that apply),How supportive is the management in your company towards the implementation of project management techniques?,How often are employees trained on project management techniques?,How sustainable are the improvements achieved through project management techniques in your company?,How frequently does your company review and update its project management practices?,"Overall, how satisfied are you with the use of project management techniques in your company?",How likely are you to recommend the use of project management techniques to other manufacturing firms?,"In your opinion, what is the single most significant benefit of using project management techniques in manufacturing?",Please describe any specific project management techniques that have been particularly successful in your company. ,What recommendations would you make for improving the implementation of project management techniques in the manufacturing sector?,Are there any other factors or considerations that you believe are important for the successful reduction of production/processing times through project management? ,Do you have any additional comments or feedback on the use of project management techniques in the manufacturing sector? ,Would you be willing to participate in a follow-up interview to discuss your responses in more detail?
7/26/2024 6:57:27,Yes,Project Manager,1-3 years,Metal Processing,Less than 50,Often,PRINCE2,Effective,Significantly reduced,20 days,10 days,High Impact,Moderate Impact,Significant Impact,Significant Impact,High Impact,Often,"Lack of skilled personnel, Resistance to change, Inadequate training",Supportive,Regularly,Sustainable,Quarterly,Satisfied,Very Likely,Better customer satisfaction,PRINCE2,,None,None,Yes
7/26/2024 10:13:14,Yes,Project Manager,1-3 years,Food Processing,Less than 50,Often,"Waterfall, ",Effective,Slightly reduced,1,0.8,Moderate Impact,No Impact,Moderate Impact,No Impact,Moderate Impact,Rarely,"Lack of skilled personnel, Resistance to change, High implementation costs",Supportive,Rarely,Neutral,Never,Neutral,Likely,Increased efficiency,Resource allocation and transactional leadership,More indept use of project management tools,"If we could employ the use of Gantt charts, ensure ownership of task, and continuous training to staff",Nil,No
7/26/2024 14:29:20,Yes,Project Manager,1-3 years,Software development ,Less than 50,Always,Agile,Very effective,Significantly reduced,20 days,Not specific ,Minimal Impact,Minimal Impact,Minimal Impact,Minimal Impact,Minimal Impact,Often,"Resistance to change, Inadequate training, Lack of management support",Very supportive,Regularly,Sustainable,Quarterly,Satisfied,Very Likely,Increased efficiency,Can't do that,Adopt AI to improve project management techniques ,Strategic management ,Not at this time,No
7/31/2024 18:02:59,Yes,Project Manager,1-3 years,Food Processing,101-500,Always,Agile,Very effective,Moderately reduced,5 days,2days,Moderate Impact,Moderate Impact,Moderate Impact,Moderate Impact,Moderate Impact,Always,"Lack of skilled personnel, High implementation costs, Inadequate training",Very supportive,Regularly,Very sustainable,Quarterly,Very satisfied,Likely,Increased efficiency,Agile,"Consistent Training to staff. Also, making use of other tools to know which best fits in an organisation and comparing the results it produces.",No thoughts of any at the moment,,No
08/01/2024 14:32,Yes,Factory Worker,4-6 years,Food Processing,50-100,Sometimes,Lean Six Sigma,Effective,Slightly reduced,4,3,High Impact,Significant Impact,High Impact,Moderate Impact,High Impact,Often,"Resistance to change, High implementation costs, Inadequate training",Supportive,Occasionally,Sustainable,Quarterly,Satisfied,Very Likely,Increased efficiency,,Effective communication ,None ,No,Yes
08/01/2024 16:44,Yes,Factory Worker,7-10 years,Food Processing,More than 1000,Always,Lean Six Sigma,Very effective,Moderately reduced,3 days,Less than 2 days,Significant Impact,High Impact,High Impact,Significant Impact,Significant Impact,Always,High implementation costs,Very supportive,Occasionally,Sustainable,Quarterly,Satisfied,Likely,Increased efficiency,SOP updates,,Adequate training ,No,Yes
08/01/2024 17:39,Yes,Project Manager,1-3 years,Metal Processing,Less than 50,Often,PRINCE2,Effective,Moderately reduced,13days,4 days,Significant Impact,Significant Impact,High Impact,High Impact,Significant Impact,Often,Inadequate training,Supportive,Occasionally,Sustainable,Quarterly,Very satisfied,Very Likely,Increased efficiency,,,,,Yes
08/03/2024 19:43,Yes,Factory Worker,4-6 years,Plastics,101-500,Sometimes,Agile,Effective,Increased cycle times,6 days per week including night ,5 days a week ,Minimal Impact,Moderate Impact,Moderate Impact,Moderate Impact,Moderate Impact,Often,"Lack of skilled personnel, High implementation costs, Lack of management support",Neutral,Occasionally,Sustainable,Quarterly,Satisfied,Likely,Increased efficiency,Lean manufacturing techniques ,Standardized process & Leadership support ,Continuous improvement practice & supply chain management ,,Yes
8/27/2024 22:35:40,Yes,Project Manager,1-3 years,Food Processing,101-500,Often,"Lean Six Sigma, PRINCE2",Effective,Moderately reduced,2 days,1 day,High Impact,High Impact,High Impact,High Impact,High Impact,Sometimes,"Resistance to change, High implementation costs, Inadequate training",Supportive,Regularly,Sustainable,Semi-annually,Very satisfied,Likely,Increased efficiency,"Applying PRINCE2 (Projects in Controlled Environments) in a food processing company can significantly enhance project management by providing a structured approach to planning, executing, and controlling projects. PRINCE2's focus on clearly defined roles and responsibilities ensures that every team member, from plant managers to quality control personnel, understands their part in achieving the project's objectives. This is particularly vital in the food processing industry, where regulatory compliance, safety standards, and efficiency are critical. By defining stages, PRINCE2 helps in managing complex projects such as facility upgrades, process improvements, or new product development with better risk management and resource allocation.

Furthermore, PRINCE2’s emphasis on continuous business justification aligns well with the need to maintain profitability and minimize waste in food processing. As projects progress through their various stages, PRINCE2 mandates regular reviews to ensure they remain viable and aligned with the business goals, allowing for adjustments based on market demands or production challenges. This approach helps food processing companies maintain flexibility, ensure quality, and meet deadlines, which are crucial for staying competitive in a fast-paced industry.","Adopt a Tailored Project Management Framework, invest in Training and Development, enhance Communication and Collaboration Tools, implement Rigorous Risk Management Practices","Process Optimization and Automation
Data-Driven Decision Making
Cross-Functional Team Collaboration
Effective Change Management
Supplier and Inventory Management
Employee Engagement and Training
Continuous Monitoring and Improvement",,Yes
